yenhaitran.com/Ansang1.html,https://yenhaitran.com/pages/breakfast/Ansang1.html,301,TRUE,FALSE,FALSE,FALSE
yenhaitran.com/Ansang2.html,https://yenhaitran.com/pages/breakfast/Ansang2.html,301,TRUE,FALSE,FALSE,FALSE
yenhaitran.com/Ansang3.html,https://yenhaitran.com/pages/breakfast/Ansang3.html,301,TRUE,FALSE,FALSE,FALSE
yenhaitran.com/Ansang4.html,https://yenhaitran.com/pages/breakfast/Ansang4.html,301,TRUE,FALSE,FALSE,FALSE
yenhaitran.com/Ansang5.html,https://yenhaitran.com/pages/breakfast/Ansang5.html,301,TRUE,FALSE,FALSE,FALSE
yenhaitran.com/Ansang6.html,https://yenhaitran.com/pages/breakfast/Ansang6.html,301,TRUE,FALSE,FALSE,FALSE
yenhaitran.com/Ansang7.html,https://yenhaitran.com/pages/breakfast/Ansang7.html,301,TRUE,FALSE,FALSE,FALSE
yenhaitran.com/AntiAgeTips.html,https://yenhaitran.com/pages/health/AntiAgeTips.html,301,TRUE,FALSE,FALSE,FALSE
yenhaitran.com/ANTOANFACEBOOK.html,https://yenhaitran.com/pages/health/ANTOANFACEBOOK.html,301,TRUE,FALSE,FALSE,FALSE
yenhaitran.com/Buoisangdinhduong.html,https://yenhaitran.com/pages/breakfast/Buoisangdinhduong.html,301,TRUE,FALSE,FALSE,FALSE
yenhaitran.com/CheDoAn.html,https://yenhaitran.com/pages/health/CheDoAn.html,301,TRUE,FALSE,FALSE,FALSE
yenhaitran.com/demoSanPham.html,https://yenhaitran.com/pages/showcase/demoSanPham.html,301,TRUE,FALSE,FALSE,FALSE
yenhaitran.com/digital_10phutthaydoi.html,https://yenhaitran.com/pages/digital/digital_10phutthaydoi.html,301,TRUE,FALSE,FALSE,FALSE
yenhaitran.com/digital_5yeutoquyetdinhgiamcan.html,https://yenhaitran.com/pages/digital/digital_5yeutoquyetdinhgiamcan.html,301,TRUE,FALSE,FALSE,FALSE
yenhaitran.com/digital_7ngayansangdung.html,https://yenhaitran.com/pages/digital/digital_7ngayansangdung.html,301,TRUE,FALSE,FALSE,FALSE
yenhaitran.com/digital_dinhduong.html,https://yenhaitran.com/pages/digital/digital_dinhduong.html,301,TRUE,FALSE,FALSE,FALSE
yenhaitran.com/digital_duytridongluc.html,https://yenhaitran.com/pages/digital/digital_duytridongluc.html,301,TRUE,FALSE,FALSE,FALSE
yenhaitran.com/digital_giacngu.html,https://yenhaitran.com/pages/digital/digital_giacngu.html,301,TRUE,FALSE,FALSE,FALSE
yenhaitran.com/digital_giamcanlanhmanh.html,https://yenhaitran.com/pages/digital/digital_giamcanlanhmanh.html,301,TRUE,FALSE,FALSE,FALSE
yenhaitran.com/digital_hevisinh.html,https://yenhaitran.com/pages/digital/digital_hevisinh.html,301,TRUE,FALSE,FALSE,FALSE
yenhaitran.com/digital_index.html,https://yenhaitran.com/pages/digital/digital_index.html,301,TRUE,FALSE,FALSE,FALSE
yenhaitran.com/digital_taisaophaigiamcan.html,https://yenhaitran.com/pages/digital/digital_taisaophaigiamcan.html,301,TRUE,FALSE,FALSE,FALSE
yenhaitran.com/digital_theman.html,https://yenhaitran.com/pages/digital/digital_theman.html,301,TRUE,FALSE,FALSE,FALSE
yenhaitran.com/digital_thoiquenxau.html,https://yenhaitran.com/pages/digital/digital_thoiquenxau.html,301,TRUE,FALSE,FALSE,FALSE
yenhaitran.com/DocToTrongCoThe.html,https://yenhaitran.com/pages/health/DocToTrongCoThe.html,301,TRUE,FALSE,FALSE,FALSE
yenhaitran.com/events_transform01Dec.html,https://yenhaitran.com/events.html,301,TRUE,FALSE,FALSE,FALSE
yenhaitran.com/events/events_transform01Dec.html,https://yenhaitran.com/events.html,301,TRUE,FALSE,FALSE,FALSE
yenhaitran.com/ffit_gallery.html,https://yenhaitran.com/pages/showcase/ffit_gallery.html,301,TRUE,FALSE,FALSE,FALSE
yenhaitran.com/Hatchia.html,https://yenhaitran.com/pages/health/Hatchia.html,301,TRUE,FALSE,FALSE,FALSE
yenhaitran.com/healthylifestyle.html,https://yenhaitran.com/pages/health/healthylifestyle.html,301,TRUE,FALSE,FALSE,FALSE
yenhaitran.com/healthymeal.html,https://yenhaitran.com/pages/breakfast/healthymeal.html,301,TRUE,FALSE,FALSE,FALSE
yenhaitran.com/HoaChatTrongSanPham.html,https://yenhaitran.com/pages/health/HoaChatTrongSanPham.html,301,TRUE,FALSE,FALSE,FALSE
yenhaitran.com/Khoailang.html,https://yenhaitran.com/pages/health/Khoailang.html,301,TRUE,FALSE,FALSE,FALSE
yenhaitran.com/Khoailang2.html,https://yenhaitran.com/pages/health/Khoailang2.html,301,TRUE,FALSE,FALSE,FALSE
yenhaitran.com/khoffit.html,https://yenhaitran.com/pages/showcase/khoffit.html,301,TRUE,FALSE,FALSE,FALSE
yenhaitran.com/lam-sao-de-tao-su-dam-bao-tu-con-so-0.html,https://yenhaitran.com/pages/stories/lam-sao-de-tao-su-dam-bao-tu-con-so-0.html,301,TRUE,FALSE,FALSE,FALSE
yenhaitran.com/LIFESPAN.html,https://yenhaitran.com/pages/health/LIFESPAN.html,301,TRUE,FALSE,FALSE,FALSE
yenhaitran.com/MAYLOCNUOC.html,https://yenhaitran.com/pages/health/MAYLOCNUOC.html,301,TRUE,FALSE,FALSE,FALSE
yenhaitran.com/minhhoaDishDrop.html,https://yenhaitran.com/pages/showcase/minhhoaDishDrop.html,301,TRUE,FALSE,FALSE,FALSE
yenhaitran.com/minhhoaKDRGlister.html,https://yenhaitran.com/pages/showcase/minhhoaKDRGlister.html,301,TRUE,FALSE,FALSE,FALSE
yenhaitran.com/minhhoaLOC.html,https://yenhaitran.com/pages/showcase/minhhoaLOC.html,301,TRUE,FALSE,FALSE,FALSE
yenhaitran.com/minhhoaSA8.html,https://yenhaitran.com/pages/showcase/minhhoaSA8.html,301,TRUE,FALSE,FALSE,FALSE
yenhaitran.com/myfit.html,https://yenhaitran.com/pages/showcase/myfit.html,301,TRUE,FALSE,FALSE,FALSE
yenhaitran.com/nhung-cau-chuyen-bai-1.html,https://yenhaitran.com/pages/stories/nhung-cau-chuyen-bai-1.html,301,TRUE,FALSE,FALSE,FALSE
yenhaitran.com/nhung-cau-chuyen-bai-10.html,https://yenhaitran.com/pages/stories/nhung-cau-chuyen-bai-10.html,301,TRUE,FALSE,FALSE,FALSE
yenhaitran.com/nhung-cau-chuyen-bai-11.html,https://yenhaitran.com/pages/stories/nhung-cau-chuyen-bai-11.html,301,TRUE,FALSE,FALSE,FALSE
yenhaitran.com/nhung-cau-chuyen-bai-12.html,https://yenhaitran.com/pages/stories/nhung-cau-chuyen-bai-12.html,301,TRUE,FALSE,FALSE,FALSE
yenhaitran.com/nhung-cau-chuyen-bai-13.html,https://yenhaitran.com/pages/stories/nhung-cau-chuyen-bai-13.html,301,TRUE,FALSE,FALSE,FALSE
yenhaitran.com/nhung-cau-chuyen-bai-14.html,https://yenhaitran.com/pages/stories/nhung-cau-chuyen-bai-14.html,301,TRUE,FALSE,FALSE,FALSE
yenhaitran.com/nhung-cau-chuyen-bai-15.html,https://yenhaitran.com/pages/stories/nhung-cau-chuyen-bai-15.html,301,TRUE,FALSE,FALSE,FALSE
yenhaitran.com/nhung-cau-chuyen-bai-16.html,https://yenhaitran.com/pages/stories/nhung-cau-chuyen-bai-16.html,301,TRUE,FALSE,FALSE,FALSE
yenhaitran.com/nhung-cau-chuyen-bai-17.html,https://yenhaitran.com/pages/stories/nhung-cau-chuyen-bai-17.html,301,TRUE,FALSE,FALSE,FALSE
yenhaitran.com/nhung-cau-chuyen-bai-18.html,https://yenhaitran.com/pages/stories/nhung-cau-chuyen-bai-18.html,301,TRUE,FALSE,FALSE,FALSE
yenhaitran.com/nhung-cau-chuyen-bai-19.html,https://yenhaitran.com/pages/stories/nhung-cau-chuyen-bai-19.html,301,TRUE,FALSE,FALSE,FALSE
yenhaitran.com/nhung-cau-chuyen-bai-2.html,https://yenhaitran.com/pages/stories/nhung-cau-chuyen-bai-2.html,301,TRUE,FALSE,FALSE,FALSE
yenhaitran.com/nhung-cau-chuyen-bai-20.html,https://yenhaitran.com/pages/stories/nhung-cau-chuyen-bai-20.html,301,TRUE,FALSE,FALSE,FALSE
yenhaitran.com/nhung-cau-chuyen-bai-21.html,https://yenhaitran.com/pages/stories/nhung-cau-chuyen-bai-21.html,301,TRUE,FALSE,FALSE,FALSE
yenhaitran.com/nhung-cau-chuyen-bai-22.html,https://yenhaitran.com/pages/stories/nhung-cau-chuyen-bai-22.html,301,TRUE,FALSE,FALSE,FALSE
yenhaitran.com/nhung-cau-chuyen-bai-23.html,https://yenhaitran.com/pages/stories/nhung-cau-chuyen-bai-23.html,301,TRUE,FALSE,FALSE,FALSE
yenhaitran.com/nhung-cau-chuyen-bai-3.html,https://yenhaitran.com/pages/stories/nhung-cau-chuyen-bai-3.html,301,TRUE,FALSE,FALSE,FALSE
yenhaitran.com/nhung-cau-chuyen-bai-4.html,https://yenhaitran.com/pages/stories/nhung-cau-chuyen-bai-4.html,301,TRUE,FALSE,FALSE,FALSE
yenhaitran.com/nhung-cau-chuyen-bai-5.html,https://yenhaitran.com/pages/stories/nhung-cau-chuyen-bai-5.html,301,TRUE,FALSE,FALSE,FALSE
yenhaitran.com/nhung-cau-chuyen-bai-6.html,https://yenhaitran.com/pages/stories/nhung-cau-chuyen-bai-6.html,301,TRUE,FALSE,FALSE,FALSE
yenhaitran.com/nhung-cau-chuyen-bai-7.html,https://yenhaitran.com/pages/stories/nhung-cau-chuyen-bai-7.html,301,TRUE,FALSE,FALSE,FALSE
yenhaitran.com/nhung-cau-chuyen-bai-8.html,https://yenhaitran.com/pages/stories/nhung-cau-chuyen-bai-8.html,301,TRUE,FALSE,FALSE,FALSE
yenhaitran.com/nhung-cau-chuyen-bai-9.html,https://yenhaitran.com/pages/stories/nhung-cau-chuyen-bai-9.html,301,TRUE,FALSE,FALSE,FALSE
yenhaitran.com/nhung-cau-chuyen.html,https://yenhaitran.com/pages/stories/nhung-cau-chuyen.html,301,TRUE,FALSE,FALSE,FALSE
yenhaitran.com/noi-luc-dna-cua-nguoi-thanh-cong.html,https://yenhaitran.com/pages/stories/noi-luc-dna-cua-nguoi-thanh-cong.html,301,TRUE,FALSE,FALSE,FALSE
yenhaitran.com/NuocDauDo.html,https://yenhaitran.com/pages/health/NuocDauDo.html,301,TRUE,FALSE,FALSE,FALSE
yenhaitran.com/ondinh-mot-cam-giac-rat-de-vo.html,https://yenhaitran.com/pages/stories/ondinh-mot-cam-giac-rat-de-vo.html,301,TRUE,FALSE,FALSE,FALSE
yenhaitran.com/passiveincome.html,https://yenhaitran.com/pages/passive-income/passiveincome.html,301,TRUE,FALSE,FALSE,FALSE
yenhaitran.com/passiveincome1.html,https://yenhaitran.com/pages/passive-income/passiveincome1.html,301,TRUE,FALSE,FALSE,FALSE
yenhaitran.com/passiveincome2.html,https://yenhaitran.com/pages/passive-income/passiveincome2.html,301,TRUE,FALSE,FALSE,FALSE
yenhaitran.com/passiveincome3.html,https://yenhaitran.com/pages/passive-income/passiveincome3.html,301,TRUE,FALSE,FALSE,FALSE
yenhaitran.com/passiveincome4.html,https://yenhaitran.com/pages/passive-income/passiveincome4.html,301,TRUE,FALSE,FALSE,FALSE
yenhaitran.com/passiveincome5.html,https://yenhaitran.com/pages/passive-income/passiveincome5.html,301,TRUE,FALSE,FALSE,FALSE
yenhaitran.com/passiveincome6.html,https://yenhaitran.com/pages/passive-income/passiveincome6.html,301,TRUE,FALSE,FALSE,FALSE
yenhaitran.com/SmartRunning.html,https://yenhaitran.com/pages/health/SmartRunning.html,301,TRUE,FALSE,FALSE,FALSE
yenhaitran.com/thu-hoi-my-pham-viet-huong-2026.html,https://yenhaitran.com/pages/health/thu-hoi-my-pham-viet-huong-2026.html,301,TRUE,FALSE,FALSE,FALSE
yenhaitran.com/Thucdonmau.html,https://yenhaitran.com/pages/breakfast/Thucdonmau.html,301,TRUE,FALSE,FALSE,FALSE
yenhaitran.com/Tinhbotkhang.html,https://yenhaitran.com/pages/breakfast/Tinhbotkhang.html,301,TRUE,FALSE,FALSE,FALSE
yenhaitran.com/Vinhua.html,https://yenhaitran.com/pages/health/Vinhua.html,301,TRUE,FALSE,FALSE,FALSE
