"URL","Tiêu đề","Canonical","Meta description","Dung lượng byte","Hash","Nhóm trùng","Đề xuất","Đích chuyển hướng","Lý do"
"/2024LOOKBACK.html","🌿 KẾT THÚC MỘT NĂM ĐÁNG NHỚ - CẢM ƠN VÀ NHÌN LẠI❤️ | Yến Trần","https://yenhaitran.com/2024LOOKBACK.html","Có","11192","0daa95f65198","","Giữ / cần duyệt nội dung","","Chưa phát hiện trùng tên file"
"/404.html","Không tìm thấy trang | Yến Trần","https://yenhaitran.com/404.html","Thiếu","1432","dc8b76f887c8","","Giữ / cần duyệt nội dung","","Chưa phát hiện trùng tên file"
"/about.html","Trang đã chuyển | Yến Trần","https://yenhaitran.com/hanh-trinh-song-khoe-chu-dong.html","Thiếu","575","fa7a3a81ee1b","","Đã duyệt chuyển hướng 301","/hanh-trinh-song-khoe-chu-dong.html","Đổi URL có ý nghĩa hơn; giữ URL cũ để bảo toàn liên kết và SEO"
"/affiliate-dropii-mlm-amway-comparison.html","Affiliate vs Dropii/Droppii vs MLM Amway | Phân tích mô hình kinh tế","https://yenhaitran.com/affiliate-dropii-mlm-amway-comparison.html","Có","39266","53435c60cd17","","Giữ / cần duyệt nội dung","","Chưa phát hiện trùng tên file"
"/Ansang1.html","Redirecting...","","Thiếu","531","b988a6b15fc4","Ansang1.html","Chuyển hướng sau khi duyệt","/pages/breakfast/Ansang1.html","Trùng tên file với 1 URL khác"
"/Ansang2.html","Redirecting...","","Thiếu","531","bbab75ffc0f4","Ansang2.html","Chuyển hướng sau khi duyệt","/pages/breakfast/Ansang2.html","Trùng tên file với 1 URL khác"
"/Ansang3.html","Redirecting...","","Thiếu","531","0cda96536c11","Ansang3.html","Chuyển hướng sau khi duyệt","/pages/breakfast/Ansang3.html","Trùng tên file với 1 URL khác"
"/Ansang4.html","Redirecting...","","Thiếu","531","570cf658f94e","Ansang4.html","Chuyển hướng sau khi duyệt","/pages/breakfast/Ansang4.html","Trùng tên file với 1 URL khác"
"/Ansang5.html","Redirecting...","","Thiếu","531","cbb416100835","Ansang5.html","Chuyển hướng sau khi duyệt","/pages/breakfast/Ansang5.html","Trùng tên file với 1 URL khác"
"/Ansang6.html","Redirecting...","","Thiếu","531","777ec8a09fee","Ansang6.html","Chuyển hướng sau khi duyệt","/pages/breakfast/Ansang6.html","Trùng tên file với 1 URL khác"
"/Ansang7.html","Redirecting...","","Thiếu","531","e4c6b86a41b2","Ansang7.html","Chuyển hướng sau khi duyệt","/pages/breakfast/Ansang7.html","Trùng tên file với 1 URL khác"
"/AntiAgeTips.html","Redirecting...","","Thiếu","534","bbd6590f1eeb","AntiAgeTips.html","Chuyển hướng sau khi duyệt","/pages/health/AntiAgeTips.html","Trùng tên file với 1 URL khác"
"/ANTOANFACEBOOK.html","Redirecting...","","Thiếu","543","4584df028fdb","ANTOANFACEBOOK.html","Chuyển hướng sau khi duyệt","/pages/health/ANTOANFACEBOOK.html","Trùng tên file với 1 URL khác"
"/Buoisangdinhduong.html","Redirecting...","","Thiếu","561","59b991619768","Buoisangdinhduong.html","Chuyển hướng sau khi duyệt","/pages/breakfast/Buoisangdinhduong.html","Trùng tên file với 1 URL khác"
"/CheDoAn.html","Redirecting...","","Thiếu","522","1d30aaab975c","CheDoAn.html","Chuyển hướng sau khi duyệt","/pages/health/CheDoAn.html","Trùng tên file với 1 URL khác"
"/contact.html","Liên hệ | Yen Tran","https://yenhaitran.com/contact.html","Có","40688","a0be58d52e40","","Giữ / cần duyệt nội dung","","Chưa phát hiện trùng tên file"
"/crador-leadership-blueprint.html","Tầm nhìn CRADOR 2024: Kỷ nguyên mới - Vị thế mới","https://yenhaitran.com/crador-leadership-blueprint.html","Có","16016","51859cea8314","","Giữ / cần duyệt nội dung","","Chưa phát hiện trùng tên file"
"/demoSanPham.html","Redirecting...","","Thiếu","540","c62c7b1a38cc","demoSanPham.html","Chuyển hướng sau khi duyệt","/pages/showcase/demoSanPham.html","Trùng tên file với 1 URL khác"
"/digital_10phutthaydoi.html","Redirecting...","","Thiếu","567","e32df6b6af9a","digital_10phutthaydoi.html","Chuyển hướng sau khi duyệt","/pages/digital/digital_10phutthaydoi.html","Trùng tên file với 1 URL khác"
"/digital_5yeutoquyetdinhgiamcan.html","Redirecting...","","Thiếu","594","fd316741bc2f","digital_5yeutoquyetdinhgiamcan.html","Chuyển hướng sau khi duyệt","/pages/digital/digital_5yeutoquyetdinhgiamcan.html","Trùng tên file với 1 URL khác"
"/digital_7ngayansangdung.html","Redirecting...","","Thiếu","573","63093dc8b319","digital_7ngayansangdung.html","Chuyển hướng sau khi duyệt","/pages/digital/digital_7ngayansangdung.html","Trùng tên file với 1 URL khác"
"/digital_dinhduong.html","Redirecting...","","Thiếu","555","08b952764054","digital_dinhduong.html","Chuyển hướng sau khi duyệt","/pages/digital/digital_dinhduong.html","Trùng tên file với 1 URL khác"
"/digital_duytridongluc.html","Redirecting...","","Thiếu","567","092f4d99f3ff","digital_duytridongluc.html","Chuyển hướng sau khi duyệt","/pages/digital/digital_duytridongluc.html","Trùng tên file với 1 URL khác"
"/digital_giacngu.html","Redirecting...","","Thiếu","549","ccafc4aa9a70","digital_giacngu.html","Chuyển hướng sau khi duyệt","/pages/digital/digital_giacngu.html","Trùng tên file với 1 URL khác"
"/digital_giamcanlanhmanh.html","Redirecting...","","Thiếu","573","d8920483c9e7","digital_giamcanlanhmanh.html","Chuyển hướng sau khi duyệt","/pages/digital/digital_giamcanlanhmanh.html","Trùng tên file với 1 URL khác"
"/digital_hevisinh.html","Redirecting...","","Thiếu","552","a0b17e22faa2","digital_hevisinh.html","Chuyển hướng sau khi duyệt","/pages/digital/digital_hevisinh.html","Trùng tên file với 1 URL khác"
"/digital_index.html","Redirecting...","","Thiếu","543","ebf59b0f01c5","digital_index.html","Chuyển hướng sau khi duyệt","/pages/digital/digital_index.html","Trùng tên file với 1 URL khác"
"/digital_taisaophaigiamcan.html","Redirecting...","","Thiếu","579","024f8c199ad3","digital_taisaophaigiamcan.html","Chuyển hướng sau khi duyệt","/pages/digital/digital_taisaophaigiamcan.html","Trùng tên file với 1 URL khác"
"/digital_theman.html","Redirecting...","","Thiếu","546","deca3fc0c150","digital_theman.html","Chuyển hướng sau khi duyệt","/pages/digital/digital_theman.html","Trùng tên file với 1 URL khác"
"/digital_thoiquenxau.html","Redirecting...","","Thiếu","561","b991512a46ab","digital_thoiquenxau.html","Chuyển hướng sau khi duyệt","/pages/digital/digital_thoiquenxau.html","Trùng tên file với 1 URL khác"
"/DocToTrongCoThe.html","Redirecting...","","Thiếu","546","cafb73d727b2","DocToTrongCoThe.html","Chuyển hướng sau khi duyệt","/pages/health/DocToTrongCoThe.html","Trùng tên file với 1 URL khác"
"/events_transform01Dec.html","Redirecting...","","Thiếu","480","743d495c6e4d","events_transform01Dec.html","Chuyển hướng sau khi duyệt","/pages/showcase/events_transform01Dec.html","Trùng tên file với 2 URL khác"
"/events.html","Sự kiện sắp tới | Yến Trần","https://yenhaitran.com/events.html","Có","20540","7dbca71eabca","","Giữ / cần duyệt nội dung","","Chưa phát hiện trùng tên file"
"/events/events_transform01Dec.html","Personal Blog - Yen Tran<","https://yenhaitran.com/events/events_transform01Dec.html","Thiếu","10689","34532ee276dc","events_transform01Dec.html","Chuyển hướng sau khi duyệt","/pages/showcase/events_transform01Dec.html","Trùng tên file với 2 URL khác"
"/ffit_gallery.html","Redirecting...","","Thiếu","543","2612762b9e6a","ffit_gallery.html","Chuyển hướng sau khi duyệt","/pages/showcase/ffit_gallery.html","Trùng tên file với 1 URL khác"
"/gioi-thieu-yen-tran.html","Yến Trần — Một cuộc trò chuyện thật về thu nhập thứ hai","https://yenhaitran.com/gioi-thieu-yen-tran.html","Có","60186","1c5d66d77bea","","Giữ / cần duyệt nội dung","","Chưa phát hiện trùng tên file"
"/google736698dcc33cd215.html","","","Thiếu","54","c1f0dade785e","","Giữ / cần duyệt nội dung","","Chưa phát hiện trùng tên file"
"/gui20namsauChap2.html","🌿 Gửi Tôi Của Tương Lai - Chap 2: SỰ LỰA CHỌN","https://yenhaitran.com/gui20namsauChap2.html","Có","11408","9ec12908ce67","","Giữ / cần duyệt nội dung","","Chưa phát hiện trùng tên file"
"/GUITOICUATUONGLAI_CHAP1.html","🌿 GỬI TÔI CỦA TƯƠNG LAI 🌿 - Chap#1 - BẠN VÀ TÔI","https://yenhaitran.com/GUITOICUATUONGLAI_CHAP1.html","Có","8848","38d581af0bcc","","Giữ / cần duyệt nội dung","","Chưa phát hiện trùng tên file"
"/hanh-trinh-song-khoe-chu-dong.html","Hành trình sống khỏe, sống chủ động | Yến Trần","https://yenhaitran.com/hanh-trinh-song-khoe-chu-dong.html","Có","27789","675c327757ae","","Giữ / cần duyệt nội dung","","Chưa phát hiện trùng tên file"
"/Hatchia.html","Redirecting...","","Thiếu","522","b26fb53c2d67","Hatchia.html","Chuyển hướng sau khi duyệt","/pages/health/Hatchia.html","Trùng tên file với 1 URL khác"
"/healthylifestyle.html","Redirecting...","","Thiếu","549","0b0de2cf613e","healthylifestyle.html","Chuyển hướng sau khi duyệt","/pages/health/healthylifestyle.html","Trùng tên file với 1 URL khác"
"/healthymeal.html","Bữa ăn lành mạnh | Yen Tran","","Thiếu","570","da4bbd4ad036","healthymeal.html","Chuyển hướng sau khi duyệt","/pages/breakfast/healthymeal.html","Trùng tên file với 1 URL khác"
"/HoaChatTrongSanPham.html","Redirecting...","","Thiếu","558","22f5c88c4dff","HoaChatTrongSanPham.html","Chuyển hướng sau khi duyệt","/pages/health/HoaChatTrongSanPham.html","Trùng tên file với 1 URL khác"
"/index.html","Yến Trần — Sống khỏe, sống chủ động","https://yenhaitran.com/","Có","32958","1bd1c5cbf6a3","","Giữ / cần duyệt nội dung","","Chưa phát hiện trùng tên file"
"/kham-pha.html","Khám phá | Sách, sản phẩm số và sự kiện cùng Yến Trần","https://yenhaitran.com/kham-pha.html","Có","10205","8e0c5bbdccbb","","Giữ / cần duyệt nội dung","","Chưa phát hiện trùng tên file"
"/khao-sat-co-hoi.html","Nhìn rõ hướng đi của bạn — Yến Trần","https://yenhaitran.com/khao-sat-co-hoi.html","Có","42607","edfae037ac14","","Giữ / cần duyệt nội dung","","Chưa phát hiện trùng tên file"
"/Khoailang.html","Redirecting...","","Thiếu","528","0f217f6b29b5","Khoailang.html","Chuyển hướng sau khi duyệt","/pages/health/Khoailang.html","Trùng tên file với 1 URL khác"
"/Khoailang2.html","Redirecting...","","Thiếu","531","31cfa0aa2d54","Khoailang2.html","Chuyển hướng sau khi duyệt","/pages/health/Khoailang2.html","Trùng tên file với 1 URL khác"
"/khoffit.html","Redirecting...","","Thiếu","528","9ddad0de2919","khoffit.html","Chuyển hướng sau khi duyệt","/pages/showcase/khoffit.html","Trùng tên file với 1 URL khác"
"/kiem-soat-can-nang.html","Kiểm soát cân nặng bền vững cùng Yến Trần","https://yenhaitran.com/kiem-soat-can-nang.html","Có","34569","2ef8e2a66c14","","Giữ / cần duyệt nội dung","","Chưa phát hiện trùng tên file"
"/lam-sao-de-tao-su-dam-bao-tu-con-so-0.html","Redirecting...","","Thiếu","615","b21438495705","lam-sao-de-tao-su-dam-bao-tu-con-so-0.html","Chuyển hướng sau khi duyệt","/pages/stories/lam-sao-de-tao-su-dam-bao-tu-con-so-0.html","Trùng tên file với 1 URL khác"
"/LIFESPAN.html","Redirecting...","","Thiếu","525","77b4726ae43d","LIFESPAN.html","Chuyển hướng sau khi duyệt","/pages/health/LIFESPAN.html","Trùng tên file với 1 URL khác"
"/MAYLOCNUOC.html","Redirecting...","","Thiếu","531","4be81cfc8edc","MAYLOCNUOC.html","Chuyển hướng sau khi duyệt","/pages/health/MAYLOCNUOC.html","Trùng tên file với 1 URL khác"
"/members-admin.html","Khung quản trị thành viên | Yến Trần","https://yenhaitran.com/members-admin.html","Có","9912","43b54a9f0209","","Giữ / cần duyệt nội dung","","Chưa phát hiện trùng tên file"
"/members-login.html","Đăng nhập | Thành viên Yến Trần","","Thiếu","4538","36705f3cac23","","Giữ / cần duyệt nội dung","","Chưa phát hiện trùng tên file"
"/members.html","Không gian thành viên | Yến Trần","https://yenhaitran.com/members.html","Có","15827","0091c325dda5","","Giữ / cần duyệt nội dung","","Chưa phát hiện trùng tên file"
"/minhhoaDishDrop.html","Redirecting...","","Thiếu","552","8a8d39ac6656","minhhoaDishDrop.html","Chuyển hướng sau khi duyệt","/pages/showcase/minhhoaDishDrop.html","Trùng tên file với 1 URL khác"
"/minhhoaKDRGlister.html","Redirecting...","","Thiếu","558","21860ca15050","minhhoaKDRGlister.html","Chuyển hướng sau khi duyệt","/pages/showcase/minhhoaKDRGlister.html","Trùng tên file với 1 URL khác"
"/minhhoaLOC.html","Redirecting...","","Thiếu","537","dafdcff4b611","minhhoaLOC.html","Chuyển hướng sau khi duyệt","/pages/showcase/minhhoaLOC.html","Trùng tên file với 1 URL khác"
"/minhhoaSA8.html","Redirecting...","","Thiếu","537","a53dbff28bf8","minhhoaSA8.html","Chuyển hướng sau khi duyệt","/pages/showcase/minhhoaSA8.html","Trùng tên file với 1 URL khác"
"/myfit.html","Redirecting...","","Thiếu","522","ed8b6d5e42f7","myfit.html","Chuyển hướng sau khi duyệt","/pages/showcase/myfit.html","Trùng tên file với 1 URL khác"
"/nhung-cau-chuyen-bai-1.html","Redirecting...","","Thiếu","570","97a0bcbbab83","nhung-cau-chuyen-bai-1.html","Chuyển hướng sau khi duyệt","/pages/stories/nhung-cau-chuyen-bai-1.html","Trùng tên file với 1 URL khác"
"/nhung-cau-chuyen-bai-10.html","Redirecting...","","Thiếu","573","22a0d5d42eb7","nhung-cau-chuyen-bai-10.html","Chuyển hướng sau khi duyệt","/pages/stories/nhung-cau-chuyen-bai-10.html","Trùng tên file với 1 URL khác"
"/nhung-cau-chuyen-bai-11.html","Redirecting...","","Thiếu","573","d4c40c364d38","nhung-cau-chuyen-bai-11.html","Chuyển hướng sau khi duyệt","/pages/stories/nhung-cau-chuyen-bai-11.html","Trùng tên file với 1 URL khác"
"/nhung-cau-chuyen-bai-12.html","Redirecting...","","Thiếu","573","6f47df5ed135","nhung-cau-chuyen-bai-12.html","Chuyển hướng sau khi duyệt","/pages/stories/nhung-cau-chuyen-bai-12.html","Trùng tên file với 1 URL khác"
"/nhung-cau-chuyen-bai-13.html","Redirecting...","","Thiếu","573","71dc9bd6bec4","nhung-cau-chuyen-bai-13.html","Chuyển hướng sau khi duyệt","/pages/stories/nhung-cau-chuyen-bai-13.html","Trùng tên file với 1 URL khác"
"/nhung-cau-chuyen-bai-14.html","Redirecting...","","Thiếu","573","ae5047e4502c","nhung-cau-chuyen-bai-14.html","Chuyển hướng sau khi duyệt","/pages/stories/nhung-cau-chuyen-bai-14.html","Trùng tên file với 1 URL khác"
"/nhung-cau-chuyen-bai-15.html","Redirecting...","","Thiếu","573","ee448e860543","nhung-cau-chuyen-bai-15.html","Chuyển hướng sau khi duyệt","/pages/stories/nhung-cau-chuyen-bai-15.html","Trùng tên file với 1 URL khác"
"/nhung-cau-chuyen-bai-16.html","Redirecting...","","Thiếu","573","696225a25b37","nhung-cau-chuyen-bai-16.html","Chuyển hướng sau khi duyệt","/pages/stories/nhung-cau-chuyen-bai-16.html","Trùng tên file với 1 URL khác"
"/nhung-cau-chuyen-bai-17.html","Redirecting...","","Thiếu","573","99c4f4b9d579","nhung-cau-chuyen-bai-17.html","Chuyển hướng sau khi duyệt","/pages/stories/nhung-cau-chuyen-bai-17.html","Trùng tên file với 1 URL khác"
"/nhung-cau-chuyen-bai-18.html","Redirecting...","","Thiếu","573","18a0edc6778a","nhung-cau-chuyen-bai-18.html","Chuyển hướng sau khi duyệt","/pages/stories/nhung-cau-chuyen-bai-18.html","Trùng tên file với 1 URL khác"
"/nhung-cau-chuyen-bai-19.html","Redirecting...","","Thiếu","573","1ca66d080936","nhung-cau-chuyen-bai-19.html","Chuyển hướng sau khi duyệt","/pages/stories/nhung-cau-chuyen-bai-19.html","Trùng tên file với 1 URL khác"
"/nhung-cau-chuyen-bai-2.html","Redirecting...","","Thiếu","570","94ed1df5cebe","nhung-cau-chuyen-bai-2.html","Chuyển hướng sau khi duyệt","/pages/stories/nhung-cau-chuyen-bai-2.html","Trùng tên file với 1 URL khác"
"/nhung-cau-chuyen-bai-20.html","Redirecting...","","Thiếu","573","a7745a564891","nhung-cau-chuyen-bai-20.html","Chuyển hướng sau khi duyệt","/pages/stories/nhung-cau-chuyen-bai-20.html","Trùng tên file với 1 URL khác"
"/nhung-cau-chuyen-bai-21.html","Redirecting...","","Thiếu","573","f4603f395590","nhung-cau-chuyen-bai-21.html","Chuyển hướng sau khi duyệt","/pages/stories/nhung-cau-chuyen-bai-21.html","Trùng tên file với 1 URL khác"
"/nhung-cau-chuyen-bai-22.html","Redirecting...","","Thiếu","573","3ed0085d4db0","nhung-cau-chuyen-bai-22.html","Chuyển hướng sau khi duyệt","/pages/stories/nhung-cau-chuyen-bai-22.html","Trùng tên file với 1 URL khác"
"/nhung-cau-chuyen-bai-23.html","Redirecting...","","Thiếu","573","3b8207c5e512","nhung-cau-chuyen-bai-23.html","Chuyển hướng sau khi duyệt","/pages/stories/nhung-cau-chuyen-bai-23.html","Trùng tên file với 1 URL khác"
"/nhung-cau-chuyen-bai-3.html","Redirecting...","","Thiếu","570","710e48f5cdb3","nhung-cau-chuyen-bai-3.html","Chuyển hướng sau khi duyệt","/pages/stories/nhung-cau-chuyen-bai-3.html","Trùng tên file với 1 URL khác"
"/nhung-cau-chuyen-bai-4.html","Redirecting...","","Thiếu","570","4125503c2885","nhung-cau-chuyen-bai-4.html","Chuyển hướng sau khi duyệt","/pages/stories/nhung-cau-chuyen-bai-4.html","Trùng tên file với 1 URL khác"
"/nhung-cau-chuyen-bai-5.html","Redirecting...","","Thiếu","570","9c247df28baf","nhung-cau-chuyen-bai-5.html","Chuyển hướng sau khi duyệt","/pages/stories/nhung-cau-chuyen-bai-5.html","Trùng tên file với 1 URL khác"
"/nhung-cau-chuyen-bai-6.html","Redirecting...","","Thiếu","570","a97787411cdf","nhung-cau-chuyen-bai-6.html","Chuyển hướng sau khi duyệt","/pages/stories/nhung-cau-chuyen-bai-6.html","Trùng tên file với 1 URL khác"
"/nhung-cau-chuyen-bai-7.html","Redirecting...","","Thiếu","570","72b55b657ecd","nhung-cau-chuyen-bai-7.html","Chuyển hướng sau khi duyệt","/pages/stories/nhung-cau-chuyen-bai-7.html","Trùng tên file với 1 URL khác"
"/nhung-cau-chuyen-bai-8.html","Redirecting...","","Thiếu","570","9b9dd1d68f89","nhung-cau-chuyen-bai-8.html","Chuyển hướng sau khi duyệt","/pages/stories/nhung-cau-chuyen-bai-8.html","Trùng tên file với 1 URL khác"
"/nhung-cau-chuyen-bai-9.html","Redirecting...","","Thiếu","570","2b29f0415fb8","nhung-cau-chuyen-bai-9.html","Chuyển hướng sau khi duyệt","/pages/stories/nhung-cau-chuyen-bai-9.html","Trùng tên file với 1 URL khác"
"/nhung-cau-chuyen.html","Redirecting...","","Thiếu","552","b5d930948704","nhung-cau-chuyen.html","Chuyển hướng sau khi duyệt","/pages/stories/nhung-cau-chuyen.html","Trùng tên file với 1 URL khác"
"/noi-luc-dna-cua-nguoi-thanh-cong.html","Đang chuyển hướng...","","Thiếu","612","a4a1a434d4ac","noi-luc-dna-cua-nguoi-thanh-cong.html","Chuyển hướng sau khi duyệt","/pages/stories/noi-luc-dna-cua-nguoi-thanh-cong.html","Trùng tên file với 1 URL khác"
"/NuocDauDo.html","Redirecting...","","Thiếu","528","7020eb2ddfd7","NuocDauDo.html","Chuyển hướng sau khi duyệt","/pages/health/NuocDauDo.html","Trùng tên file với 1 URL khác"
"/nutrilite-plant-protein-review.html","Nutrilite All Plant Protein — Phân tích dinh dưỡng khách quan","https://yenhaitran.com/nutrilite-plant-protein-review.html","Có","40376","3b088f7659ce","","Giữ / cần duyệt nội dung","","Chưa phát hiện trùng tên file"
"/omega-3-hap-thu-epa-dha.html","Omega-3: Hấp thu, EPA/DHA và cách chọn đúng","https://yenhaitran.com/omega-3-hap-thu-epa-dha.html","Có","26258","4d9e6a353eca","","Giữ / cần duyệt nội dung","","Chưa phát hiện trùng tên file"
"/ondinh-mot-cam-giac-rat-de-vo.html","Redirecting...","","Thiếu","591","f6b2865ce991","ondinh-mot-cam-giac-rat-de-vo.html","Chuyển hướng sau khi duyệt","/pages/stories/ondinh-mot-cam-giac-rat-de-vo.html","Trùng tên file với 1 URL khác"
"/pages/books/bi-mat-kinh-doanh-theo-mang.html","Bí mật kinh doanh theo mạng | Tủ sách Yến","https://yenhaitran.com/pages/books/bi-mat-kinh-doanh-theo-mang.html","Có","6649","222255e6b33c","","Giữ / cần duyệt nội dung","","Chưa phát hiện trùng tên file"
"/pages/books/cau-hoi-la-cau-tra-loi.html","Câu hỏi là câu trả lời | Tủ sách Yến yêu thích","https://yenhaitran.com/pages/books/cau-hoi-la-cau-tra-loi.html","Có","18930","09c5a64d7a4a","","Giữ / cần duyệt nội dung","","Chưa phát hiện trùng tên file"
"/pages/books/doc-sach.html","Đọc sách online | Tủ sách Yến","https://yenhaitran.com/pages/books/doc-sach.html","Có","8550","2aff2fbd1fb3","","Giữ / cần duyệt nội dung","","Chưa phát hiện trùng tên file"
"/pages/books/hanh-trinh-ve-phuong-dong.html","Hành trình về Phương Đông | Tủ sách Yến yêu thích","https://yenhaitran.com/pages/books/hanh-trinh-ve-phuong-dong.html","Có","20526","43897d8a1589","","Giữ / cần duyệt nội dung","","Chưa phát hiện trùng tên file"
"/pages/books/procode.html","ProCode | Tủ sách Yến","https://yenhaitran.com/pages/books/procode.html","Có","6435","627677f6a4ed","","Giữ / cần duyệt nội dung","","Chưa phát hiện trùng tên file"
"/pages/books/review-sach.html","Review sách | Tủ sách Yến","https://yenhaitran.com/pages/books/review-sach.html","Có","10489","5cdec3f2cbb9","","Giữ / cần duyệt nội dung","","Chưa phát hiện trùng tên file"
"/pages/books/tu-sach.html","Tủ sách Yến yêu thích","https://yenhaitran.com/pages/books/tu-sach.html","Có","12365","9b3172452387","","Giữ / cần duyệt nội dung","","Chưa phát hiện trùng tên file"
"/pages/breakfast/Ansang1.html","Ăn Sáng Và Những Lợi Ích Cho Sức Khỏe | Yen Tran","https://yenhaitran.com/pages/breakfast/Ansang1.html","Có","8810","f3c2ab9b9075","Ansang1.html","Giữ / cần duyệt nội dung","","Chưa phát hiện trùng tên file"
"/pages/breakfast/Ansang2.html","Ăn Sáng Và Những Lợi Ích Cho Sức Khỏe (2) | Yen Tran","https://yenhaitran.com/pages/breakfast/Ansang2.html","Có","9141","3029e5352748","Ansang2.html","Giữ / cần duyệt nội dung","","Chưa phát hiện trùng tên file"
"/pages/breakfast/Ansang3.html","Ăn Sáng: Cần, Đúng Và Đủ | Yen Tran","https://yenhaitran.com/pages/breakfast/Ansang3.html","Có","10170","e9e1f1b90a11","Ansang3.html","Giữ / cần duyệt nội dung","","Chưa phát hiện trùng tên file"
"/pages/breakfast/Ansang4.html","Sáng Dậy Uể Oải - Lý Do Tại Sao? | Yến Trần","https://yenhaitran.com/pages/breakfast/Ansang4.html","Có","10014","7d0abb64be20","Ansang4.html","Giữ / cần duyệt nội dung","","Chưa phát hiện trùng tên file"
"/pages/breakfast/Ansang5.html","Sổ Tay Kế Hoạch Buổi Sáng | Yen Tran","https://yenhaitran.com/pages/breakfast/Ansang5.html","Có","9740","f0777c82b83d","Ansang5.html","Giữ / cần duyệt nội dung","","Chưa phát hiện trùng tên file"
"/pages/breakfast/Ansang6.html","Làm Thế Nào Để Duy Trì Thói Quen Ăn Sáng Mỗi Ngày? | Yen Tran","https://yenhaitran.com/pages/breakfast/Ansang6.html","Có","9580","bc993edb0fa8","Ansang6.html","Giữ / cần duyệt nội dung","","Chưa phát hiện trùng tên file"
"/pages/breakfast/Ansang7.html","Hậu Quả Của Việc Bỏ Bữa Sáng | Yen Tran","https://yenhaitran.com/pages/breakfast/Ansang7.html","Có","7586","8080d2aeaddb","Ansang7.html","Giữ / cần duyệt nội dung","","Chưa phát hiện trùng tên file"
"/pages/breakfast/Buoisangdinhduong.html","Chuỗi Bài Buổi Sáng Lành Mạnh | Healthy Meal - Yen Tran","https://yenhaitran.com/pages/breakfast/Buoisangdinhduong.html","Có","9679","36c1ec53a379","Buoisangdinhduong.html","Giữ / cần duyệt nội dung","","Chưa phát hiện trùng tên file"
"/pages/breakfast/healthymeal.html","Bữa ăn lành mạnh | Yen Tran","https://yenhaitran.com/pages/breakfast/healthymeal.html","Có","24002","7e3f753d7e81","healthymeal.html","Giữ / cần duyệt nội dung","","Chưa phát hiện trùng tên file"
"/pages/breakfast/nong-trai-longevity.html","Nhật ký từ Nông trại Longevity | Yen Tran","https://yenhaitran.com/pages/breakfast/nong-trai-longevity.html","Có","14670","b78c3ce050fd","","Giữ / cần duyệt nội dung","","Chưa phát hiện trùng tên file"
"/pages/breakfast/Thucdonmau.html","Menu Buổi Sáng Dinh Dưỡng - Tuần 1 &amp; 2","https://yenhaitran.com/pages/breakfast/Thucdonmau.html","Có","22080","eaaf4739e4ea","Thucdonmau.html","Giữ / cần duyệt nội dung","","Chưa phát hiện trùng tên file"
"/pages/breakfast/Tinhbotkhang.html","Tinh bột kháng (RS3) | Healthy Meal - Yen Tran","https://yenhaitran.com/pages/breakfast/Tinhbotkhang.html","Có","8355","06a2bacee3d9","Tinhbotkhang.html","Giữ / cần duyệt nội dung","","Chưa phát hiện trùng tên file"
"/pages/digital/banh-xe-cuoc-doi.html","Bánh xe cuộc đời — Nhìn rõ để chọn đúng điều cần thay đổi","https://yenhaitran.com/pages/digital/banh-xe-cuoc-doi.html","Có","43519","fa438cd8acad","","Giữ / cần duyệt nội dung","","Chưa phát hiện trùng tên file"
"/pages/digital/bi-quyet-giam-can-lanh-manh.html","Bí Quyết Giảm Cân Lành Mạnh – Sống Khỏe Mỗi Ngày","https://yenhaitran.com/pages/digital/bi-quyet-giam-can-lanh-manh.html","Có","10735","ca142b3b9b52","","Giữ / cần duyệt nội dung","","Chưa phát hiện trùng tên file"
"/pages/digital/digital_10phutthaydoi.html","10 phút mỗi ngày – Thay đổi sức khỏe &amp; cân nặng","https://yenhaitran.com/pages/digital/digital_10phutthaydoi.html","Có","11066","6c0392e5eb70","digital_10phutthaydoi.html","Giữ / cần duyệt nội dung","","Chưa phát hiện trùng tên file"
"/pages/digital/digital_5yeutoquyetdinhgiamcan.html","5 Yếu Tố Then Chốt Giảm Cân Bền Vững &amp; Khỏe Mạnh","https://yenhaitran.com/pages/digital/digital_5yeutoquyetdinhgiamcan.html","Có","15313","3ece07796958","digital_5yeutoquyetdinhgiamcan.html","Giữ / cần duyệt nội dung","","Chưa phát hiện trùng tên file"
"/pages/digital/digital_7ngayansangdung.html","7 Ngày Ăn Sáng Đúng","https://yenhaitran.com/pages/digital/digital_7ngayansangdung.html","Có","14495","35f4eb9a005f","digital_7ngayansangdung.html","Giữ / cần duyệt nội dung","","Chưa phát hiện trùng tên file"
"/pages/digital/digital_dinhduong.html","Bảng tổng hợp Dinh dưỡng &amp; Giải pháp","https://yenhaitran.com/pages/digital/digital_dinhduong.html","Có","23071","192aaea2f7b3","digital_dinhduong.html","Giữ / cần duyệt nội dung","","Chưa phát hiện trùng tên file"
"/pages/digital/digital_duytridongluc.html","Duy trì động lực giảm cân – Sống khỏe mỗi ngày","https://yenhaitran.com/pages/digital/digital_duytridongluc.html","Có","11957","4a0a7336aa91","digital_duytridongluc.html","Giữ / cần duyệt nội dung","","Chưa phát hiện trùng tên file"
"/pages/digital/digital_giacngu.html","Ngủ sâu – Bí quyết GIẢM CÂN bị nhiều người bỏ qua","https://yenhaitran.com/pages/digital/digital_giacngu.html","Có","10169","bf7110a6c885","digital_giacngu.html","Giữ / cần duyệt nội dung","","Chưa phát hiện trùng tên file"
"/pages/digital/digital_giamcanlanhmanh.html","Giảm cân lành mạnh – Không cần kiêng khổ sở (và F.FIT là “trợ thủ” mình chọn)","https://yenhaitran.com/pages/digital/digital_giamcanlanhmanh.html","Có","13273","17eb8d376185","digital_giamcanlanhmanh.html","Giữ / cần duyệt nội dung","","Chưa phát hiện trùng tên file"
"/pages/digital/digital_hevisinh.html","Giảm cân bằng việc CHĂM SÓC ĐƯỜNG RUỘT","https://yenhaitran.com/pages/digital/digital_hevisinh.html","Có","10187","95af62e950fc","digital_hevisinh.html","Giữ / cần duyệt nội dung","","Chưa phát hiện trùng tên file"
"/pages/digital/digital_index.html","Sản phẩm số — Hiểu mình, sống khỏe, chọn hướng đi","https://yenhaitran.com/pages/digital/digital_index.html","Có","11562","ab1f9d960ac9","digital_index.html","Giữ / cần duyệt nội dung","","Chưa phát hiện trùng tên file"
"/pages/digital/digital_taisaophaigiamcan.html","Tại sao bạn phải giảm cân NGAY từ hôm nay?","https://yenhaitran.com/pages/digital/digital_taisaophaigiamcan.html","Có","14268","784ea90a0fb0","digital_taisaophaigiamcan.html","Giữ / cần duyệt nội dung","","Chưa phát hiện trùng tên file"
"/pages/digital/digital_theman.html","Bí mật kiểm soát CƠN THÈM ĂN hiệu quả (có sự trợ giúp từ F.FIT)","https://yenhaitran.com/pages/digital/digital_theman.html","Có","12016","24a519d27890","digital_theman.html","Giữ / cần duyệt nội dung","","Chưa phát hiện trùng tên file"
"/pages/digital/digital_thoiquenxau.html","Những Thói Quen Xấu “Ngầm” Phá Hủy Nỗ Lực Giảm Cân","https://yenhaitran.com/pages/digital/digital_thoiquenxau.html","Có","11954","496ead9355dc","digital_thoiquenxau.html","Giữ / cần duyệt nội dung","","Chưa phát hiện trùng tên file"
"/pages/health/AntiAgeTips.html","🌟 GIÀ HAY KHÔNG – DO MÌNH CẢ THÔI! 😆✨ | Yến Trần","https://yenhaitran.com/pages/health/AntiAgeTips.html","Có","9871","7786e31c7106","AntiAgeTips.html","Giữ / cần duyệt nội dung","","Chưa phát hiện trùng tên file"
"/pages/health/ANTOANFACEBOOK.html","Tài khoản FACEBOOK bạn có thật sự AN TOÀN. | Yến Trần","https://yenhaitran.com/pages/health/ANTOANFACEBOOK.html","Có","13127","1da49d065168","ANTOANFACEBOOK.html","Giữ / cần duyệt nội dung","","Chưa phát hiện trùng tên file"
"/pages/health/CheDoAn.html","📊 BẢNG SO SÁNH CÁC CHẾ ĐỘ ĂN | Yến Trần","https://yenhaitran.com/pages/health/CheDoAn.html","Có","13668","b6246111a9ce","CheDoAn.html","Giữ / cần duyệt nội dung","","Chưa phát hiện trùng tên file"
"/pages/health/DocToTrongCoThe.html","Những Chất Khi Chuyển Hóa Sẽ Sinh Ra Nhiều &quot;Chất Dơ&quot; (Độc Tố) Trong Cơ Thể 🧪🚨 | Yến Trần","https://yenhaitran.com/pages/health/DocToTrongCoThe.html","Có","15884","7b0c9c151165","DocToTrongCoThe.html","Giữ / cần duyệt nội dung","","Chưa phát hiện trùng tên file"
"/pages/health/Hatchia.html","😆 HẠT CHIA – BÉ NHƯ CON KIẾN, MÀ CÓ SỨC MẠNH NHƯ HỔ! | Yến Trần","https://yenhaitran.com/pages/health/Hatchia.html","Có","9378","39f8ae2d9cea","Hatchia.html","Giữ / cần duyệt nội dung","","Chưa phát hiện trùng tên file"
"/pages/health/healthylifestyle.html","Lối sống khỏe và chủ động | Yen Tran","https://yenhaitran.com/pages/health/healthylifestyle.html","Có","18040","b668559cb03f","healthylifestyle.html","Giữ / cần duyệt nội dung","","Chưa phát hiện trùng tên file"
"/pages/health/HoaChatTrongSanPham.html","NHÓA CHẤT TRONG SẢN PHẨM HÀNG NGÀY – BẠN CÓ ĐANG TIẾP XÚC MỖI NGÀY MÀ KHÔNG BIẾT? ⚠️🧴 | Yến Trần","https://yenhaitran.com/pages/health/HoaChatTrongSanPham.html","Có","10891","9a1969f0157e","HoaChatTrongSanPham.html","Giữ / cần duyệt nội dung","","Chưa phát hiện trùng tên file"
"/pages/health/Khoailang.html","🥔🍠 Giữa Các Cách Sơ Chế Khoai, Nên Dùng Loại Nào? – So Sánh Chi Tiết! | Yến Trần","https://yenhaitran.com/pages/health/Khoailang.html","Có","14517","3eef25f40a36","Khoailang.html","Giữ / cần duyệt nội dung","","Chưa phát hiện trùng tên file"
"/pages/health/Khoailang2.html","Giảm cân thông minh với mẹo nhỏ từ… củ khoai! | Yến Trần","https://yenhaitran.com/pages/health/Khoailang2.html","Có","9264","82a8f598e5a7","Khoailang2.html","Giữ / cần duyệt nội dung","","Chưa phát hiện trùng tên file"
"/pages/health/LIFESPAN.html","🍀Sự khác nhau giữa TUỔI THỌ VÀ TUỔI THỌ KHOẺ MẠNH🧚🏻‍♀️ | Yến Trần","https://yenhaitran.com/pages/health/LIFESPAN.html","Có","16291","0bc1d5893590","LIFESPAN.html","Giữ / cần duyệt nội dung","","Chưa phát hiện trùng tên file"
"/pages/health/MAYLOCNUOC.html","💙Máy lọc nước New eSpring – Những điều đáng nhớ💙 | Yến Trần","https://yenhaitran.com/pages/health/MAYLOCNUOC.html","Có","7880","656417534b63","MAYLOCNUOC.html","Giữ / cần duyệt nội dung","","Chưa phát hiện trùng tên file"
"/pages/health/NuocDauDo.html","NƯỚC ĐẬU – “LÁ CHẮN” TỰ NHIÊN CHO HỆ HÔ HẤP 💨 | Yến Trần","https://yenhaitran.com/pages/health/NuocDauDo.html","Có","9382","20bf77481589","NuocDauDo.html","Giữ / cần duyệt nội dung","","Chưa phát hiện trùng tên file"
"/pages/health/SmartRunning.html","🏃‍♂️🔥 CHẠY BỘ THÔNG MINH – BẠN ĐÃ CHỌN ĐÚNG CÁCH CHẠY CHƯA? | Yến Trần","https://yenhaitran.com/pages/health/SmartRunning.html","Có","10439","09d01c718fb3","SmartRunning.html","Giữ / cần duyệt nội dung","","Chưa phát hiện trùng tên file"
"/pages/health/thu-hoi-my-pham-viet-huong-2026.html","Công văn 1772/QLD-MP: Danh mục 511 mỹ phẩm Việt Hương bị thu hồi","https://yenhaitran.com/pages/health/thu-hoi-my-pham-viet-huong-2026.html","Có","32837","bf1093c3371b","thu-hoi-my-pham-viet-huong-2026.html","Giữ / cần duyệt nội dung","","Chưa phát hiện trùng tên file"
"/pages/health/Vinhua.html","🚨 BẠN ĐANG NUỐT NHỰA MỖI NGÀY MÀ KHÔNG HỀ BIẾT! 🚨 | Yến Trần","https://yenhaitran.com/pages/health/Vinhua.html","Có","8300","9793779d140e","Vinhua.html","Giữ / cần duyệt nội dung","","Chưa phát hiện trùng tên file"
"/pages/members/bang-gia-san-pham.html","Tra cứu bảng giá sản phẩm | Thành viên Yến Trần","https://yenhaitran.com/pages/members/bang-gia-san-pham.html","Có","23702","f2aed4c115ec","","Giữ / cần duyệt nội dung","","Chưa phát hiện trùng tên file"
"/pages/passive-income/passiveincome.html","Thu nhập thụ động &amp; tư duy chủ động | Yến Trần","https://yenhaitran.com/pages/passive-income/passiveincome.html","Có","19138","8b9df835fc02","passiveincome.html","Giữ / cần duyệt nội dung","","Chưa phát hiện trùng tên file"
"/pages/passive-income/passiveincome1.html","Passive Income - Hành động liều lĩnh | Yen Tran","https://yenhaitran.com/pages/passive-income/passiveincome1.html","Có","11235","b430500f4349","passiveincome1.html","Giữ / cần duyệt nội dung","","Chưa phát hiện trùng tên file"
"/pages/passive-income/passiveincome2.html","Passive Income - Lựa Chọn 25 Kết Quả 35 | Yen Tran","https://yenhaitran.com/pages/passive-income/passiveincome2.html","Có","7189","0c46db216b9c","passiveincome2.html","Giữ / cần duyệt nội dung","","Chưa phát hiện trùng tên file"
"/pages/passive-income/passiveincome3.html","Passive Income - Fulltime Family | Yen Tran","https://yenhaitran.com/pages/passive-income/passiveincome3.html","Có","4978","50361e7376e0","passiveincome3.html","Giữ / cần duyệt nội dung","","Chưa phát hiện trùng tên file"
"/pages/passive-income/passiveincome4.html","Passive Income - Hành trình cuộc đời | Yen Tran","https://yenhaitran.com/pages/passive-income/passiveincome4.html","Có","6052","09c937a5fb3e","passiveincome4.html","Giữ / cần duyệt nội dung","","Chưa phát hiện trùng tên file"
"/pages/passive-income/passiveincome5.html","Passive Income - 11 Cách Thức Tỉnh Tiềm Năng | Yen Tran","https://yenhaitran.com/pages/passive-income/passiveincome5.html","Có","4795","fa0b3c922a2e","passiveincome5.html","Giữ / cần duyệt nội dung","","Chưa phát hiện trùng tên file"
"/pages/passive-income/passiveincome6.html","Passive Income - Kyle Maynard | Yen Tran","https://yenhaitran.com/pages/passive-income/passiveincome6.html","Có","4614","09ec17bd10be","passiveincome6.html","Giữ / cần duyệt nội dung","","Chưa phát hiện trùng tên file"
"/pages/showcase/demoSanPham.html","DEMO SẢN PHẨM | Trần Hải Yến","https://yenhaitran.com/pages/showcase/demoSanPham.html","Có","7321","c6aecababcc8","demoSanPham.html","Giữ / cần duyệt nội dung","","Chưa phát hiện trùng tên file"
"/pages/showcase/events_transform01Dec.html","Personal Blog - Yen Tran","https://yenhaitran.com/pages/showcase/events_transform01Dec.html","Thiếu","10719","8ecb2ab79db6","events_transform01Dec.html","Giữ / cần duyệt nội dung","","Chưa phát hiện trùng tên file"
"/pages/showcase/ffit_gallery.html","F.FIT – Phương pháp giảm mỡ khoa học","https://yenhaitran.com/pages/showcase/ffit_gallery.html","Có","17185","ea1a2630d59b","ffit_gallery.html","Giữ / cần duyệt nội dung","","Chưa phát hiện trùng tên file"
"/pages/showcase/khoffit.html","KHO Mentees F.FIT Thành Công","https://yenhaitran.com/pages/showcase/khoffit.html","Có","14122","aae06b08f597","khoffit.html","Giữ / cần duyệt nội dung","","Chưa phát hiện trùng tên file"
"/pages/showcase/minhhoaDishDrop.html","Minh Hoạ Sản Phẩm: Nước Rửa Chén Dish Drops – Amway","https://yenhaitran.com/pages/showcase/minhhoaDishDrop.html","Có","17470","c2e01add1f6d","minhhoaDishDrop.html","Giữ / cần duyệt nội dung","","Chưa phát hiện trùng tên file"
"/pages/showcase/minhhoaKDRGlister.html","Minh Hoạ Kem Đánh Răng Glister – Amway","https://yenhaitran.com/pages/showcase/minhhoaKDRGlister.html","Có","13163","dd3498c4a851","minhhoaKDRGlister.html","Giữ / cần duyệt nội dung","","Chưa phát hiện trùng tên file"
"/pages/showcase/minhhoaLOC.html","Minh Hoạ Sản Phẩm: LOC Đa Năng – Amway","https://yenhaitran.com/pages/showcase/minhhoaLOC.html","Có","11426","00897f11e8b4","minhhoaLOC.html","Giữ / cần duyệt nội dung","","Chưa phát hiện trùng tên file"
"/pages/showcase/minhhoaSA8.html","Minh Hoạ Sản Phẩm: Nước Giặt Đậm Đặc SA8 – Amway","https://yenhaitran.com/pages/showcase/minhhoaSA8.html","Có","11379","6d244ab4b681","minhhoaSA8.html","Giữ / cần duyệt nội dung","","Chưa phát hiện trùng tên file"
"/pages/showcase/myfit.html","F.FIT - Hành trình thay đổi của tôi","https://yenhaitran.com/pages/showcase/myfit.html","Có","15748","90ede10bcdef","myfit.html","Giữ / cần duyệt nội dung","","Chưa phát hiện trùng tên file"
"/pages/stories/cuoc-song-la-chuoi-nhung-bai-kiem-tra.html","Cuộc sống là chuỗi những bài kiểm tra | Yến Trần","https://yenhaitran.com/pages/stories/cuoc-song-la-chuoi-nhung-bai-kiem-tra.html","Có","14673","0a918086f5e0","","Giữ / cần duyệt nội dung","","Chưa phát hiện trùng tên file"
"/pages/stories/lam-sao-de-tao-su-dam-bao-tu-con-so-0.html","Làm sao để tạo “sự đảm bảo” từ con số 0?","https://yenhaitran.com/pages/stories/lam-sao-de-tao-su-dam-bao-tu-con-so-0.html","Có","8560","f9a13f497f8a","lam-sao-de-tao-su-dam-bao-tu-con-so-0.html","Giữ / cần duyệt nội dung","","Chưa phát hiện trùng tên file"
"/pages/stories/nhung-cau-chuyen-bai-1.html","Thạc sĩ bác sĩ đa khoa lựa chọn toàn thời gian với Amway | Yen Tran","https://yenhaitran.com/pages/stories/nhung-cau-chuyen-bai-1.html","Có","12915","1df21956c0bd","nhung-cau-chuyen-bai-1.html","Giữ / cần duyệt nội dung","","Chưa phát hiện trùng tên file"
"/pages/stories/nhung-cau-chuyen-bai-10.html","Người nông dân quay lại Amway ở tuổi 42 | Yen Tran","https://yenhaitran.com/pages/stories/nhung-cau-chuyen-bai-10.html","Có","12698","991c200dcb7f","nhung-cau-chuyen-bai-10.html","Giữ / cần duyệt nội dung","","Chưa phát hiện trùng tên file"
"/pages/stories/nhung-cau-chuyen-bai-11.html","Amway là công việc dành cho người nghèo? | Yen Tran","https://yenhaitran.com/pages/stories/nhung-cau-chuyen-bai-11.html","Có","13075","eb1211a2da60","nhung-cau-chuyen-bai-11.html","Giữ / cần duyệt nội dung","","Chưa phát hiện trùng tên file"
"/pages/stories/nhung-cau-chuyen-bai-12.html","Spirit Talk – FDD Teerut: Khi Amway không chỉ là kinh doanh | Yen Tran","https://yenhaitran.com/pages/stories/nhung-cau-chuyen-bai-12.html","Có","14444","3266b4912938","nhung-cau-chuyen-bai-12.html","Giữ / cần duyệt nội dung","","Chưa phát hiện trùng tên file"
"/pages/stories/nhung-cau-chuyen-bai-13.html","Định vị cuộc đời | Yen Tran","https://yenhaitran.com/pages/stories/nhung-cau-chuyen-bai-13.html","Có","8484","e00411ba5639","nhung-cau-chuyen-bai-13.html","Giữ / cần duyệt nội dung","","Chưa phát hiện trùng tên file"
"/pages/stories/nhung-cau-chuyen-bai-14.html","Ca sĩ The Voice Thái Lan làm Amway | Yen Tran","https://yenhaitran.com/pages/stories/nhung-cau-chuyen-bai-14.html","Có","12707","163b2a216535","nhung-cau-chuyen-bai-14.html","Giữ / cần duyệt nội dung","","Chưa phát hiện trùng tên file"
"/pages/stories/nhung-cau-chuyen-bai-15.html","Bài 15 - GO SILVER – XÂY DỰNG KINH DOANH BỀN VỮNG | EDC LYLY | Yen Tran","https://yenhaitran.com/pages/stories/nhung-cau-chuyen-bai-15.html","Có","16232","6f482e487ef3","nhung-cau-chuyen-bai-15.html","Giữ / cần duyệt nội dung","","Chưa phát hiện trùng tên file"
"/pages/stories/nhung-cau-chuyen-bai-16.html","Hành trình bền bỉ của Diamond Phạm Thị Kim Lý | Yen Tran","https://yenhaitran.com/pages/stories/nhung-cau-chuyen-bai-16.html","Có","11716","05f358e3b8d5","nhung-cau-chuyen-bai-16.html","Giữ / cần duyệt nội dung","","Chưa phát hiện trùng tên file"
"/pages/stories/nhung-cau-chuyen-bai-17.html","Công nhân viên chức làm Amway | Yen Tran","https://yenhaitran.com/pages/stories/nhung-cau-chuyen-bai-17.html","Có","11171","208583e1e27f","nhung-cau-chuyen-bai-17.html","Giữ / cần duyệt nội dung","","Chưa phát hiện trùng tên file"
"/pages/stories/nhung-cau-chuyen-bai-18.html","Tại sao Amway đáng làm? – Ca Lữ Sâm Lâm | Yen Tran","https://yenhaitran.com/pages/stories/nhung-cau-chuyen-bai-18.html","Có","11892","908da7b28bad","nhung-cau-chuyen-bai-18.html","Giữ / cần duyệt nội dung","","Chưa phát hiện trùng tên file"
"/pages/stories/nhung-cau-chuyen-bai-19.html","Kỹ sư làm Amway | Yen Tran","https://yenhaitran.com/pages/stories/nhung-cau-chuyen-bai-19.html","Có","12096","8db15e8fc962","nhung-cau-chuyen-bai-19.html","Giữ / cần duyệt nội dung","","Chưa phát hiện trùng tên file"
"/pages/stories/nhung-cau-chuyen-bai-2.html","CEO tập đoàn nghìn nhân viên làm Amway | Yen Tran","https://yenhaitran.com/pages/stories/nhung-cau-chuyen-bai-2.html","Có","11775","24481101aaee","nhung-cau-chuyen-bai-2.html","Giữ / cần duyệt nội dung","","Chưa phát hiện trùng tên file"
"/pages/stories/nhung-cau-chuyen-bai-20.html","Sinh viên nghèo làm Amway trở thành Global Leader | Yen Tran","https://yenhaitran.com/pages/stories/nhung-cau-chuyen-bai-20.html","Có","14440","444c7ca4fcad","nhung-cau-chuyen-bai-20.html","Giữ / cần duyệt nội dung","","Chưa phát hiện trùng tên file"
"/pages/stories/nhung-cau-chuyen-bai-21.html","Bác sĩ làm Amway | Yen Tran","https://yenhaitran.com/pages/stories/nhung-cau-chuyen-bai-21.html","Có","12125","f8b1c8f4c528","nhung-cau-chuyen-bai-21.html","Giữ / cần duyệt nội dung","","Chưa phát hiện trùng tên file"
"/pages/stories/nhung-cau-chuyen-bai-22.html","Nhân viên ngân hàng làm Amway | Yen Tran","https://yenhaitran.com/pages/stories/nhung-cau-chuyen-bai-22.html","Có","13391","fac327d3c2d6","nhung-cau-chuyen-bai-22.html","Giữ / cần duyệt nội dung","","Chưa phát hiện trùng tên file"
"/pages/stories/nhung-cau-chuyen-bai-23.html","FC Aranong: Kiến tạo lãnh đạo, xây kinh doanh bền vững | Yến Trần","https://yenhaitran.com/pages/stories/nhung-cau-chuyen-bai-23.html","Có","24215","d83dfe005888","nhung-cau-chuyen-bai-23.html","Giữ / cần duyệt nội dung","","Chưa phát hiện trùng tên file"
"/pages/stories/nhung-cau-chuyen-bai-24.html","Từ cựu CEO Amway Thái Lan đến hành trình tìm sự bình an | Yen Tran","https://yenhaitran.com/pages/stories/nhung-cau-chuyen-bai-24.html","Có","11418","000454d7eeb7","","Giữ / cần duyệt nội dung","","Chưa phát hiện trùng tên file"
"/pages/stories/nhung-cau-chuyen-bai-25.html","Từ “tài sản con người” đến một nguồn thu nhập khác | Yen Tran","https://yenhaitran.com/pages/stories/nhung-cau-chuyen-bai-25.html","Có","11639","eff5c8aab014","","Giữ / cần duyệt nội dung","","Chưa phát hiện trùng tên file"
"/pages/stories/nhung-cau-chuyen-bai-3.html","Y tá và giáo viên làm Amway | Yen Tran","https://yenhaitran.com/pages/stories/nhung-cau-chuyen-bai-3.html","Có","11153","9d57002ff589","nhung-cau-chuyen-bai-3.html","Giữ / cần duyệt nội dung","","Chưa phát hiện trùng tên file"
"/pages/stories/nhung-cau-chuyen-bai-4.html","Thế hệ thứ 2 làm Amway: Dr Tsui Kit Double Diamond | Yen Tran","https://yenhaitran.com/pages/stories/nhung-cau-chuyen-bai-4.html","Có","10773","0b9929fb77a2","nhung-cau-chuyen-bai-4.html","Giữ / cần duyệt nội dung","","Chưa phát hiện trùng tên file"
"/pages/stories/nhung-cau-chuyen-bai-5.html","Tại sao chúng ta cần độc lập tài chính khi còn trẻ? | Yen Tran","https://yenhaitran.com/pages/stories/nhung-cau-chuyen-bai-5.html","Có","12775","587fce981a2e","nhung-cau-chuyen-bai-5.html","Giữ / cần duyệt nội dung","","Chưa phát hiện trùng tên file"
"/pages/stories/nhung-cau-chuyen-bai-6.html","Học lớp 2 cũng có thể trở thành triệu phú | Yen Tran","https://yenhaitran.com/pages/stories/nhung-cau-chuyen-bai-6.html","Có","11713","0e2829fb4ff3","nhung-cau-chuyen-bai-6.html","Giữ / cần duyệt nội dung","","Chưa phát hiện trùng tên file"
"/pages/stories/nhung-cau-chuyen-bai-7.html","60 tuổi khởi nghiệp cùng Amway | Yen Tran","https://yenhaitran.com/pages/stories/nhung-cau-chuyen-bai-7.html","Có","10769","b292daad6b0d","nhung-cau-chuyen-bai-7.html","Giữ / cần duyệt nội dung","","Chưa phát hiện trùng tên file"
"/pages/stories/nhung-cau-chuyen-bai-8.html","Một người siêu nghèo đổi đời nhờ Amway | Yen Tran","https://yenhaitran.com/pages/stories/nhung-cau-chuyen-bai-8.html","Có","10548","c58b0e5fb93e","nhung-cau-chuyen-bai-8.html","Giữ / cần duyệt nội dung","","Chưa phát hiện trùng tên file"
"/pages/stories/nhung-cau-chuyen-bai-9.html","Suy nghĩ và hành động của người thành công | Yen Tran","https://yenhaitran.com/pages/stories/nhung-cau-chuyen-bai-9.html","Có","11998","2cf09bdc8ffd","nhung-cau-chuyen-bai-9.html","Giữ / cần duyệt nội dung","","Chưa phát hiện trùng tên file"
"/pages/stories/nhung-cau-chuyen.html","Những câu chuyện quanh tôi | Yen Tran","https://yenhaitran.com/pages/stories/nhung-cau-chuyen.html","Có","39012","a4b93b49728a","nhung-cau-chuyen.html","Giữ / cần duyệt nội dung","","Chưa phát hiện trùng tên file"
"/pages/stories/noi-luc-dna-cua-nguoi-thanh-cong.html","Nội lực - DNA của người thành công | Yen Tran","https://yenhaitran.com/pages/stories/noi-luc-dna-cua-nguoi-thanh-cong.html","Có","15954","ad9140c453e2","noi-luc-dna-cua-nguoi-thanh-cong.html","Giữ / cần duyệt nội dung","","Chưa phát hiện trùng tên file"
"/pages/stories/ondinh-mot-cam-giac-rat-de-vo.html","ỔN ĐỊNH” MỘT CẢM GIÁC RẤT DỄ VỠ","https://yenhaitran.com/pages/stories/ondinh-mot-cam-giac-rat-de-vo.html","Có","10309","b36a7cd44e53","ondinh-mot-cam-giac-rat-de-vo.html","Giữ / cần duyệt nội dung","","Chưa phát hiện trùng tên file"
"/pages/stories/tu-do-noi-tam-khong-de-hoan-canh-kiem-soat.html","Tự do nội tâm: Không để hoàn cảnh kiểm soát mình | Yến Trần","https://yenhaitran.com/pages/stories/tu-do-noi-tam-khong-de-hoan-canh-kiem-soat.html","Có","22032","18125357e91d","","Giữ / cần duyệt nội dung","","Chưa phát hiện trùng tên file"
"/passiveincome.html","Redirecting...","","Thiếu","564","b7e28765c1e9","passiveincome.html","Chuyển hướng sau khi duyệt","/pages/passive-income/passiveincome.html","Trùng tên file với 1 URL khác"
"/passiveincome1.html","Redirecting...","","Thiếu","567","2d3c1263dae5","passiveincome1.html","Chuyển hướng sau khi duyệt","/pages/passive-income/passiveincome1.html","Trùng tên file với 1 URL khác"
"/passiveincome2.html","Redirecting...","","Thiếu","567","15abcbf3a543","passiveincome2.html","Chuyển hướng sau khi duyệt","/pages/passive-income/passiveincome2.html","Trùng tên file với 1 URL khác"
"/passiveincome3.html","Redirecting...","","Thiếu","567","3a56c7f9be26","passiveincome3.html","Chuyển hướng sau khi duyệt","/pages/passive-income/passiveincome3.html","Trùng tên file với 1 URL khác"
"/passiveincome4.html","Redirecting...","","Thiếu","567","ad34b49b6d0a","passiveincome4.html","Chuyển hướng sau khi duyệt","/pages/passive-income/passiveincome4.html","Trùng tên file với 1 URL khác"
"/passiveincome5.html","Redirecting...","","Thiếu","567","673eac048ebd","passiveincome5.html","Chuyển hướng sau khi duyệt","/pages/passive-income/passiveincome5.html","Trùng tên file với 1 URL khác"
"/passiveincome6.html","Redirecting...","","Thiếu","567","5259c881c1f7","passiveincome6.html","Chuyển hướng sau khi duyệt","/pages/passive-income/passiveincome6.html","Trùng tên file với 1 URL khác"
"/privacy.html","Quyền riêng tư | Yến Trần","https://yenhaitran.com/privacy.html","Có","4004","e3d6d96d1cd7","","Giữ / cần duyệt nội dung","","Chưa phát hiện trùng tên file"
"/protein-thuc-vat-tri-blend.html","Protein Thực Vật Hoàn Chỉnh — PDCAAS &amp; Tri-Blend","https://yenhaitran.com/protein-thuc-vat-tri-blend.html","Có","28439","2c7da0fb7cb4","","Giữ / cần duyệt nội dung","","Chưa phát hiện trùng tên file"
"/SmartRunning.html","Redirecting...","","Thiếu","537","0b63545fd850","SmartRunning.html","Chuyển hướng sau khi duyệt","/pages/health/SmartRunning.html","Trùng tên file với 1 URL khác"
"/thu-hoi-my-pham-viet-huong-2026.html","Công văn 1772/QLD-MP: 511 mỹ phẩm Việt Hương bị thu hồi toàn quốc","","Thiếu","662","f2a712347a0e","thu-hoi-my-pham-viet-huong-2026.html","Chuyển hướng sau khi duyệt","/pages/health/thu-hoi-my-pham-viet-huong-2026.html","Trùng tên file với 1 URL khác"
"/Thucdonmau.html","Redirecting...","","Thiếu","540","e823c3c8e464","Thucdonmau.html","Chuyển hướng sau khi duyệt","/pages/breakfast/Thucdonmau.html","Trùng tên file với 1 URL khác"
"/Tinhbotkhang.html","Redirecting...","","Thiếu","546","6538aa27c939","Tinhbotkhang.html","Chuyển hướng sau khi duyệt","/pages/breakfast/Tinhbotkhang.html","Trùng tên file với 1 URL khác"
"/video-ai.html","Video AI của Yến Trần | Thư viện sáng tạo","https://yenhaitran.com/video-ai.html","Có","17449","5aa4d39c6fcd","","Giữ / cần duyệt nội dung","","Chưa phát hiện trùng tên file"
"/Vinhua.html","Redirecting...","","Thiếu","519","4deb3138d9e0","Vinhua.html","Chuyển hướng sau khi duyệt","/pages/health/Vinhua.html","Trùng tên file với 1 URL khác"
"/vitamin-c-extended-release.html","Vitamin C phóng thích 8 giờ khác gì trái cây và viên thông thường?","https://yenhaitran.com/vitamin-c-extended-release.html","Có","26618","e5ea26f32fcf","","Giữ / cần duyệt nội dung","","Chưa phát hiện trùng tên file"
